"uk.linkedin.com","1"
"www.oiml.org","1"
"www.iso.org","1"
"www.nist.gov","1"
"pages.ceinorme.it","1"
"books.google.co.uk","1"
"careers.arm.com","1"
"careersportal.co.uk","1"
"www.math3d.org","1"
"engineerexcel.com","1"
"www.onlinecharttool.com","1"
"www.stackprinter.com","1"
"chrome.google.com","1"
"office.live.com","1"
"statscharts.com","1"
"www.mathway.com","1"
"www.rstudio.com","1"
"watermark.silverchair.com","1"
"s1.bunnycdn.ru","1"
"ecommons.cornell.edu","1"
"www.researchgate.net","1"
"academo.org","1"
"r-charts.com","1"
"www.r-bloggers.com","1"
"www.rdocumentation.org","1"
"jkzorz.github.io","1"
"community.oneplus.com","1"
"nillkin.org","1"
"secure.recruitly.io","1"
"networxrecruitment.com","1"
"careers.gknaerospace.com","1"
"www.airsquirrels.com","1"
"www.milkround.com","1"
"www.dl.begellhouse.com","1"
"www.ncbi.nlm.nih.gov","1"
"en.wikipedia.org","1"
"www.liebertpub.com","1"
"uk.store.asus.com","1"
"sci-hub.41610.org","1"
"sci.hubg.org","1"
"sci-hub.ru","1"
"www.nottingham.castle-estates.co.uk","1"
"www.scijournal.org","1"
"en.wikibooks.org","1"
"uk.rs-online.com","1"
"metprep.co.uk","1"
"www.ebay.co.uk","1"
"www.cmor-faculty.rice.edu","1"
"link.info.kumumail.com","1"
"journal.hep.com.cn","1"
"onlinelibrary.wiley.com","1"
"www.goodreads.com","1"
"quotestats.com","1"
"www.therandomvibez.com","1"
"www.nottingham.edu.my","1"
"www.acgt.me","1"
"www.genigraphics.com","1"
"pc5.crichd.com","1"
"adforyounews.com","1"
"www.alicona.com","1"
"displate.com","1"
"www.tav-engineering.com","1"
"llfurnace.com","1"
"www.azom.com","1"
"p4.capssoftware.com","1"
"workspace.nottingham.ac.uk","1"
"www.turnitinuk.com","1"
"www.nationalexpress.com","1"
"www.bloomberg.com","1"
"www.keybr.com","1"
"www.typing.com","1"
"mailer.ajio.co.in","1"
"learn.ntopology.com","1"
"alexanderdanielsglobal.zohorecruit.eu","1"
"secure.indeed.com","1"
"appleid.apple.com","1"
"www.coretalent.co.uk","2"
"www.microsoft.com","2"
"chart-studio.plotly.com","2"
"towardsdatascience.com","2"
"www.pocket-lint.com","2"
"renishaw.wd3.myworkdayjobs.com","2"
"appmm2.saymails.com","2"
"www.esperhq.com","2"
"career2.successfactors.eu","2"
"www.spacedesk.net","2"
"www.sportsdirect.com","2"
"teams.microsoft.com","2"
"xrviewer.istaging.com","2"
"guides.nyu.edu","2"
"idp.nottingham.ac.uk","2"
"e-shop.struers.com","2"
"support.google.com","2"
"t.e.haascnc.com","2"
"delivery.dream11.com","2"
"trussitn.eu","2"
"terribledeliberate.com","2"
"quillbot.com","2"
"www.ingentaconnect.com","2"
"www.brightnetwork.co.uk","2"
"www.grnqueencity.com","2"
"yaxiscareers.secure.force.com","2"
"www.alexanderdanielsglobal.com","3"
"www.ceinorme.it","3"
"www.geogebra.org","3"
"excelgraphs.blogspot.com","3"
"jomtingi.net","3"
"auth.elsevier.com","3"
"asmedigitalcollection.asme.org","3"
"www.thingiverse.com","3"
"review.apply4u.co.uk","3"
"www.jaguarlandrovercareers.com","3"
"www.underarmour.co.uk","3"
"www.eos.info","3"
"www.emerald.com","3"
"www.qatm.com","3"
"www.crichd.com","3"
"outlook.office365.com","3"
"book.nationalexpress.com","3"
"www.thetrainline.com","3"
"twitter.com","3"
"careers.rtx.com","4"
"uniofnottm.sharepoint.com","4"
"iopscience.iop.org","4"
"plotly.com","4"
"www.office.com","4"
"uniofnottm-my.sharepoint.com","4"
"community.rstudio.com","4"
"store.steampowered.com","4"
"secure.apply4u.co.uk","4"
"www.scielo.br","4"
"www.apple.com","4"
"www.linkedin.com","5"
"experienced-arm.icims.com","5"
"www.yeggi.com","5"
"www.asus.com","5"
"www.mdpi.com","5"
"stratocore-eu-filestore.s3.amazonaws.com","5"
"globalhr.wd5.myworkdayjobs.com","6"
"www.meta-chart.com","6"
"cults3d.com","6"
"career5.successfactors.eu","6"
"m5.apply.indeed.com","6"
"id.elsevier.com","7"
"link.springer.com","7"
"www.amazon.co.uk","7"
"reader.elsevier.com","8"
"pdf.sciencedirectassets.com","8"
"www.tandfonline.com","10"
"www.veed.io","10"
"jobs.kensingtonadditive.com","11"
"app.grammarly.com","11"
"www.grammarly.com","11"
"grabcad.com","11"
"help.steampowered.com","12"
"www.spareroom.co.uk","12"
"www.consiliumrecruit.com","13"
"www.renishaw.com","13"
"uk.indeed.com","15"
"fmovies.wtf","16"
"mycareer.nottingham.ac.uk","16"
"www.apply4u.co.uk","17"
"messages.indeed.com","18"
"www.airbnb.co.uk","19"
"www.overleaf.com","21"
"www.nottingham.ac.uk","21"
"www.struers.com","21"
"login.microsoftonline.com","22"
"www.zoopla.co.uk","22"
"www.google.co.uk","30"
"ev.turnitinuk.com","34"
"moodle.nottingham.ac.uk","39"
"photos.google.com","44"
"ppms.eu","47"
"www.youtube.com","56"
"www.sciencedirect.com","57"
"www.totaljobs.com","69"
"www.cv-library.co.uk","69"
"scholar.googleusercontent.com","78"
"tex.stackexchange.com","96"
"scholar.google.com","233"
"outlook.office.com","361"
"www.google.com","588"
"mail.google.com","1160"